-- INSERTION DES USERS
INSERT INTO USER VALUES (1, 'DAVID', '$2a$10$vsMf.RQM/cg3nUjoYU8WH.bB9abGYVeE/rmSPLZ3UAR6/WksudUUu', 'ADMIN', 1, 'David', 'Pomerlano', FALSE, NULL, 'dpomerlano@pomerleau.com');
INSERT INTO USER VALUES (2, '22211111', '$2a$10$vsMf.RQM/cg3nUjoYU8WH.bB9abGYVeE/rmSPLZ3UAR6/WksudUUu', 'USER', 1, 'User1FirstName', 'User1LastName', FALSE, NULL, 'user1@example.com');
INSERT INTO USER VALUES (3, '22233333', '$2a$10$vsMf.RQM/cg3nUjoYU8WH.bB9abGYVeE/rmSPLZ3UAR6/WksudUUu', 'USER', 1, 'Jean-Michel', 'Benoit', FALSE, NULL, 'jmb@tecsys.com'); -- qwerty
INSERT INTO USER VALUES (4, '22244444', '$2a$10$vsMf.RQM/cg3nUjoYU8WH.bB9abGYVeE/rmSPLZ3UAR6/WksudUUu', 'USER', 1, NULL, NULL, TRUE, 'A Company', 'comptesarecevoir@acompany.com'); -- querty

-- INSERTION DES CHALLENGES POUR LES USERS
INSERT INTO CHALLENGE VALUES (1, 'MENOUM', 'MENOUM', 'DAVID');
INSERT INTO CHALLENGE VALUES (2, 'BADOUM', 'BADOUM', 'DAVID');
INSERT INTO CHALLENGE VALUES (3, 'ALLO', 'ALLO', '22211111');
INSERT INTO CHALLENGE VALUES (4, 'BONJOUR', 'BONJOUR', '22233333');
INSERT INTO CHALLENGE VALUES (5, 'SALUT', 'SALUT', '22244444');

-- INSERTION DU BROKER DE EQUIPE PASSERELLE PAIEMENT
INSERT INTO PAYMENT_BROKER VALUES (1, '15489123311', 'Buenos933-accole');

-- INSERTION DU BROKER DE EQUIPE BANQUE1
INSERT INTO PARTNER_BANK VALUES (1, 'Dow4#esquint', 'Banque1', '111', 'https://theirHeroku/banktobank/domething', 'theApiKeyTheyGiveUs');

-- INSERTION CREDIT CARD
INSERT INTO CREDIT_CARD VALUES (5105139374862083, '184.96', 10000,1,2020,'123',2);
INSERT INTO CREDIT_CARD VALUES (5105749559146043, '307.32', 10000,1,2020,'123',3);
INSERT INTO CREDIT_CARD VALUES (5105823505096154, '180.21', 10000,1,2020,'123',4);

-- INSERTION CREDIT CARD TRANSACTION
INSERT INTO CREDIT_CARD_TRANSACTION VALUES (1, '14.96', 'Achat COCO LOCO Griffintown', CURRENT_TIMESTAMP(), 5105139374862083, false);
INSERT INTO CREDIT_CARD_TRANSACTION VALUES (2, '20.00', 'Achat ETSMTL', CURRENT_TIMESTAMP(), 5105139374862083, false);
INSERT INTO CREDIT_CARD_TRANSACTION VALUES (3, '30.00', 'Achat Boite à Pain', CURRENT_TIMESTAMP(), 5105139374862083, false);
INSERT INTO CREDIT_CARD_TRANSACTION VALUES (4, '30.00', 'Achat Hello Inc', CURRENT_TIMESTAMP(), 5105139374862083, false);
INSERT INTO CREDIT_CARD_TRANSACTION VALUES (5, '40.00', 'Achat Pomme Inc', CURRENT_TIMESTAMP(), 5105139374862083, false);
INSERT INTO CREDIT_CARD_TRANSACTION VALUES (6, '50.00', 'Achat Raisin Inc', CURRENT_TIMESTAMP(), 5105139374862083, false);
INSERT INTO CREDIT_CARD_TRANSACTION VALUES (7, '60.00', 'Achat Banane Inc', CURRENT_TIMESTAMP(), 5105749559146043, false);
INSERT INTO CREDIT_CARD_TRANSACTION VALUES (8, '70.00', 'Achat Canac', CURRENT_TIMESTAMP(), 5105749559146043, false);
INSERT INTO CREDIT_CARD_TRANSACTION VALUES (9, '60.00', 'Achat Metro', CURRENT_TIMESTAMP(), 5105749559146043, false);
INSERT INTO CREDIT_CARD_TRANSACTION VALUES (10, '80.00', 'Achat Starbucks', CURRENT_TIMESTAMP(), 5105749559146043, false);
INSERT INTO CREDIT_CARD_TRANSACTION VALUES (11, '33.33', 'Achat Apple', CURRENT_TIMESTAMP(), 5105749559146043, false);
INSERT INTO CREDIT_CARD_TRANSACTION VALUES (12, '3.99', 'Achat Best Buy', CURRENT_TIMESTAMP(), 5105749559146043, false);
INSERT INTO CREDIT_CARD_TRANSACTION VALUES (13, '30.01', 'Achat Tim Hortons', CURRENT_TIMESTAMP(), 5105823505096154, false);
INSERT INTO CREDIT_CARD_TRANSACTION VALUES (14, '30.02', 'Achat Coco Loco', CURRENT_TIMESTAMP(), 5105823505096154, false);
INSERT INTO CREDIT_CARD_TRANSACTION VALUES (15, '30.03', 'Achat Cora Dejeuner', CURRENT_TIMESTAMP(), 5105823505096154, false);
INSERT INTO CREDIT_CARD_TRANSACTION VALUES (16, '30.04', 'Achat Allo Mon coco', CURRENT_TIMESTAMP(), 5105823505096154, false);
INSERT INTO CREDIT_CARD_TRANSACTION VALUES (17, '30.05', 'Achat Normandin', CURRENT_TIMESTAMP(), 5105823505096154, false);
INSERT INTO CREDIT_CARD_TRANSACTION VALUES (18, '30.06', 'Achat Reno depot', CURRENT_TIMESTAMP(), 5105823505096154, false);


-- INSERTION DEBIT CARD
INSERT INTO DEBIT_CARD VALUES (22211111, 100200, 2);
INSERT INTO DEBIT_CARD VALUES (22233333, 100200, 3);
INSERT INTO DEBIT_CARD VALUES (22244444, 100200, 4);

-- INSERTION DEBIT CARD TRANSACTION
INSERT INTO DEBIT_CARD_TRANSACTION VALUES(1, 100000, 'Virement reçu - Prime de bienvenue', CURRENT_TIMESTAMP(), 22211111);
INSERT INTO DEBIT_CARD_TRANSACTION VALUES(2, 20, 'Dépôt caisse', CURRENT_TIMESTAMP(), 22211111);
INSERT INTO DEBIT_CARD_TRANSACTION VALUES(3, 30, 'Dépôt caisse', CURRENT_TIMESTAMP(), 22211111);
INSERT INTO DEBIT_CARD_TRANSACTION VALUES(4, 40, 'Dépôt caisse', CURRENT_TIMESTAMP(), 22211111);
INSERT INTO DEBIT_CARD_TRANSACTION VALUES(5, 50, 'Dépôt caisse', CURRENT_TIMESTAMP(), 22211111);
INSERT INTO DEBIT_CARD_TRANSACTION VALUES(6, 60, 'Dépôt caisse', CURRENT_TIMESTAMP(), 22211111);
INSERT INTO DEBIT_CARD_TRANSACTION VALUES(7, 100000, 'Virement reçu - Prime de bienvenue', CURRENT_TIMESTAMP(), 22233333);
INSERT INTO DEBIT_CARD_TRANSACTION VALUES(8, 20, 'Dépôt caisse', CURRENT_TIMESTAMP(), 22233333);
INSERT INTO DEBIT_CARD_TRANSACTION VALUES(9, 30, 'Dépôt caisse', CURRENT_TIMESTAMP(), 22233333);
INSERT INTO DEBIT_CARD_TRANSACTION VALUES(10, 40, 'Dépôt caisse', CURRENT_TIMESTAMP(), 22233333);
INSERT INTO DEBIT_CARD_TRANSACTION VALUES(11, 50, 'Dépôt caisse', CURRENT_TIMESTAMP(), 22233333);
INSERT INTO DEBIT_CARD_TRANSACTION VALUES(12, 60, 'Dépôt caisse', CURRENT_TIMESTAMP(), 22233333);
INSERT INTO DEBIT_CARD_TRANSACTION VALUES(13, 100000, 'Virement reçu - Prime de bienvenue', CURRENT_TIMESTAMP(), 22244444);
INSERT INTO DEBIT_CARD_TRANSACTION VALUES(14, 20, 'Dépôt caisse', CURRENT_TIMESTAMP(), 22244444);
INSERT INTO DEBIT_CARD_TRANSACTION VALUES(15, 30, 'Dépôt caisse', CURRENT_TIMESTAMP(), 22244444);
INSERT INTO DEBIT_CARD_TRANSACTION VALUES(16, 40, 'Dépôt caisse', CURRENT_TIMESTAMP(), 22244444);
INSERT INTO DEBIT_CARD_TRANSACTION VALUES(17, 50, 'Dépôt caisse', CURRENT_TIMESTAMP(), 22244444);
INSERT INTO DEBIT_CARD_TRANSACTION VALUES(18, 60, 'Dépôt caisse', CURRENT_TIMESTAMP(), 22244444);



COMMIT;