-- INSERTION DES USERS
INSERT INTO USER VALUES (1, 'DAVID', '$2a$10$vsMf.RQM/cg3nUjoYU8WH.bB9abGYVeE/rmSPLZ3UAR6/WksudUUu', 'ADMIN', 1, 'David', 'Pomerlano', FALSE, NULL, 'dpomerlano@pomerleau.com');
INSERT INTO USER VALUES (2, '22211111', '$2a$10$vsMf.RQM/cg3nUjoYU8WH.bB9abGYVeE/rmSPLZ3UAR6/WksudUUu', 'USER', 1, 'User1FirstName', 'User1LastName', FALSE, NULL, 'user1@example.com');
INSERT INTO USER VALUES (3, '22233333', '$2a$10$vsMf.RQM/cg3nUjoYU8WH.bB9abGYVeE/rmSPLZ3UAR6/WksudUUu', 'USER', 1, 'Jean-Michel', 'Benoit', FALSE, NULL, 'jmb@tecsys.com'); -- qwerty
INSERT INTO USER VALUES (4, '22244444', '$2a$10$vsMf.RQM/cg3nUjoYU8WH.bB9abGYVeE/rmSPLZ3UAR6/WksudUUu', 'USER', 1, NULL, NULL, TRUE, 'A Company', 'comptesarecevoir@acompany.com'); -- querty

INSERT INTO USER VALUES (5,  '22255555', '$2a$10$vsMf.RQM/cg3nUjoYU8WH.bB9abGYVeE/rmSPLZ3UAR6/WksudUUu', 'USER', 1, 'Elise', 'Albert', FALSE, NULL, 'ealbert@gmail.com');
INSERT INTO USER VALUES (6,  '22266666', '$2a$10$vsMf.RQM/cg3nUjoYU8WH.bB9abGYVeE/rmSPLZ3UAR6/WksudUUu', 'USER', 1, 'Cecila', 'Rayner', FALSE, NULL, 'crayner@gmail.com');
INSERT INTO USER VALUES (7,  '22277777', '$2a$10$vsMf.RQM/cg3nUjoYU8WH.bB9abGYVeE/rmSPLZ3UAR6/WksudUUu', 'USER', 1, 'Olivia-Mae', 'Samuels', FALSE, NULL, 'omsamuels@gmail.com');
INSERT INTO USER VALUES (8,  '22288888', '$2a$10$vsMf.RQM/cg3nUjoYU8WH.bB9abGYVeE/rmSPLZ3UAR6/WksudUUu', 'USER', 1, 'Amna', 'Grant', FALSE, NULL, 'cgrant@gmail.com');
INSERT INTO USER VALUES (9,  '22299999', '$2a$10$vsMf.RQM/cg3nUjoYU8WH.bB9abGYVeE/rmSPLZ3UAR6/WksudUUu', 'USER', 1, 'Samuel', 'Payne', FALSE, NULL, 'spayne@gmail.com');
INSERT INTO USER VALUES (10, '22210100', '$2a$10$vsMf.RQM/cg3nUjoYU8WH.bB9abGYVeE/rmSPLZ3UAR6/WksudUUu', 'USER', 1, 'Alfie-Lee', 'May', FALSE, NULL, 'almay@gmail.com');
INSERT INTO USER VALUES (11, '22211110', '$2a$10$vsMf.RQM/cg3nUjoYU8WH.bB9abGYVeE/rmSPLZ3UAR6/WksudUUu', 'USER', 1, 'Zachary', 'Wu', FALSE, NULL, 'zreyes@gmail.com');
INSERT INTO USER VALUES (12, '22212120', '$2a$10$vsMf.RQM/cg3nUjoYU8WH.bB9abGYVeE/rmSPLZ3UAR6/WksudUUu', 'USER', 1, 'Soren', 'Sims', FALSE, NULL, 'ssims@gmail.com');
INSERT INTO USER VALUES (13, '22213130', '$2a$10$vsMf.RQM/cg3nUjoYU8WH.bB9abGYVeE/rmSPLZ3UAR6/WksudUUu', 'USER', 1, 'Verity', 'Hurley', FALSE, NULL, 'vhurley@gmail.com');
INSERT INTO USER VALUES (14, '22214140', '$2a$10$vsMf.RQM/cg3nUjoYU8WH.bB9abGYVeE/rmSPLZ3UAR6/WksudUUu', 'USER', 1, 'Nahla', 'Hills', FALSE, NULL, 'nhills@gmail.com');
INSERT INTO USER VALUES (15, '22215150', '$2a$10$vsMf.RQM/cg3nUjoYU8WH.bB9abGYVeE/rmSPLZ3UAR6/WksudUUu', 'USER', 1, 'Corey', 'Gough', FALSE, NULL, 'cgough@gmail.com');
INSERT INTO USER VALUES (16, '22216160', '$2a$10$vsMf.RQM/cg3nUjoYU8WH.bB9abGYVeE/rmSPLZ3UAR6/WksudUUu', 'USER', 1, 'Nikita', 'Clayton', FALSE, NULL, 'nclayton@gmail.com');
INSERT INTO USER VALUES (17, '22217170', '$2a$10$vsMf.RQM/cg3nUjoYU8WH.bB9abGYVeE/rmSPLZ3UAR6/WksudUUu', 'USER', 1, 'Lucca', 'Johnson', FALSE, NULL, 'ljohnson@gmail.com');
INSERT INTO USER VALUES (18, '22218180', '$2a$10$vsMf.RQM/cg3nUjoYU8WH.bB9abGYVeE/rmSPLZ3UAR6/WksudUUu', 'USER', 1, 'Katerina', 'Stanford', FALSE, NULL, 'kstanford@gmail.com');
INSERT INTO USER VALUES (19, '22219190', '$2a$10$vsMf.RQM/cg3nUjoYU8WH.bB9abGYVeE/rmSPLZ3UAR6/WksudUUu', 'USER', 1, 'Catherine', 'Parmigiano', FALSE, NULL, 'cparmigiano@gmail.com');
INSERT INTO USER VALUES (20, '22220200', '$2a$10$vsMf.RQM/cg3nUjoYU8WH.bB9abGYVeE/rmSPLZ3UAR6/WksudUUu', 'USER', 1, 'Luc', 'Durocher', FALSE, NULL, 'ldurocher@gmail.com');
INSERT INTO USER VALUES (21, '22251450', '$2a$10$vsMf.RQM/cg3nUjoYU8WH.bB9abGYVeE/rmSPLZ3UAR6/WksudUUu', 'USER', 1, NULL, NULL, TRUE, 'Analytique', 'analytics@etsmtl.ca');
INSERT INTO USER VALUES (22, '22270525', '$2a$10$rIQyXe1BCNkZnwceEdao2up2lCnqgveoD6w8N1vy.6Rtju9oTjSCq', 'USER', 1, NULL, NULL, TRUE, 'Vente1', 'vente1@etsmtl.ca'); --Qwerty1234!
INSERT INTO USER VALUES (23, '22221790', '$2a$10$rIQyXe1BCNkZnwceEdao2up2lCnqgveoD6w8N1vy.6Rtju9oTjSCq', 'USER', 1, NULL, NULL, TRUE, 'Vente2', 'vente2@etsmtl.ca'); --Qwerty1234!



-- INSERTION DES CHALLENGES POUR LES USERS
INSERT INTO CHALLENGE VALUES (1, 'MENOUM', 'MENOUM', 'DAVID');
INSERT INTO CHALLENGE VALUES (2, 'BADOUM', 'BADOUM', 'DAVID');
INSERT INTO CHALLENGE VALUES (3, 'ALLO', 'ALLO', '22211111');
INSERT INTO CHALLENGE VALUES (4, 'BONJOUR', 'BONJOUR', '22233333');

INSERT INTO CHALLENGE VALUES (5,  'Ceci est ma question. La réponse est patate', 'patate', '22255555');
INSERT INTO CHALLENGE VALUES (6,  'Ceci est ma question. La réponse est patate', 'patate', '22266666');
INSERT INTO CHALLENGE VALUES (7,  'Ceci est ma question. La réponse est patate', 'patate', '22277777');
INSERT INTO CHALLENGE VALUES (8,  'Ceci est ma question. La réponse est patate', 'patate', '22288888');
INSERT INTO CHALLENGE VALUES (9,  'Ceci est ma question. La réponse est patate', 'patate', '22299999');
INSERT INTO CHALLENGE VALUES (10, 'Ceci est ma question. La réponse est patate', 'patate', '22210100');
INSERT INTO CHALLENGE VALUES (11, 'Ceci est ma question. La réponse est patate', 'patate', '22211110');
INSERT INTO CHALLENGE VALUES (12, 'Ceci est ma question. La réponse est patate', 'patate', '22212120');
INSERT INTO CHALLENGE VALUES (13, 'Ceci est ma question. La réponse est patate', 'patate', '22213130');
INSERT INTO CHALLENGE VALUES (14, 'Ceci est ma question. La réponse est patate', 'patate', '22214140');
INSERT INTO CHALLENGE VALUES (15, 'Ceci est ma question. La réponse est patate', 'patate', '22215150');
INSERT INTO CHALLENGE VALUES (16, 'Ceci est ma question. La réponse est patate', 'patate', '22216160');
INSERT INTO CHALLENGE VALUES (17, 'Ceci est ma question. La réponse est patate', 'patate', '22217170');
INSERT INTO CHALLENGE VALUES (18, 'Ceci est ma question. La réponse est patate', 'patate', '22218180');
INSERT INTO CHALLENGE VALUES (19, 'Ceci est ma question. La réponse est patate', 'patate', '22219190');
INSERT INTO CHALLENGE VALUES (20, 'Ceci est ma question. La réponse est patate', 'patate', '22220200');

INSERT INTO CHALLENGE VALUES (21, 'Quelle est la meilleure banque au monde ?', 'banque 2', '22251450');
INSERT INTO CHALLENGE VALUES (22, 'Ceci est ma question. La réponse est patate', 'patate', '22244444');
INSERT INTO CHALLENGE VALUES (23, 'De quelle couleur est le cheval blanc de Napoléon?', 'blanc', '22270525');
INSERT INTO CHALLENGE VALUES (24, 'Mac ou PC ?', 'mac', '22270525');

-- INSERTION DU BROKER DE EQUIPE PASSERELLE PAIEMENT
INSERT INTO PAYMENT_BROKER VALUES (1, '15489123311', 'Buenos933-accole');

-- INSERTION DU BROKER DE EQUIPE BANQUE1
INSERT INTO PARTNER_BANK VALUES (1, 'Dow4#esquint', 'Banque1', '111', 'https://theirHeroku/banktobank/domething', 'theApiKeyTheyGiveUs');

-- INSERTION CREDIT CARD
INSERT INTO CREDIT_CARD VALUES (5105139374862083, '184.96', 10000,1,2020,'123',2);
INSERT INTO CREDIT_CARD VALUES (5105749559146043, '307.32', 10000,1,2020,'123',3);
INSERT INTO CREDIT_CARD VALUES (5105823505096154, '180.21', 10000,1,2020,'123',4);

INSERT INTO CREDIT_CARD VALUES (5105860287108088, '0.00', 10000,1,2020,'123',5);
INSERT INTO CREDIT_CARD VALUES (5105471653807137, '0.00', 10000,1,2020,'123',6);
INSERT INTO CREDIT_CARD VALUES (5105130138473374, '0.00', 10000,1,2020,'123',7);
INSERT INTO CREDIT_CARD VALUES (5105578031456476, '0.00', 10000,1,2020,'123',8);
INSERT INTO CREDIT_CARD VALUES (5105853778664610, '0.00', 10000,1,2020,'123',9);
INSERT INTO CREDIT_CARD VALUES (5105814861341102, '0.00', 10000,1,2020,'123',10);
INSERT INTO CREDIT_CARD VALUES (5105828378217613, '0.00', 10000,1,2020,'123',11);
INSERT INTO CREDIT_CARD VALUES (5105564625702483, '0.00', 10000,1,2020,'123',12);
INSERT INTO CREDIT_CARD VALUES (5105173145640403, '0.00', 10000,1,2020,'123',13);
INSERT INTO CREDIT_CARD VALUES (5105848687184452, '0.00', 10000,1,2020,'123',14);
INSERT INTO CREDIT_CARD VALUES (5105648160071444, '0.00', 10000,1,2020,'123',15);
INSERT INTO CREDIT_CARD VALUES (5105327018160846, '0.00', 10000,1,2020,'123',16);
INSERT INTO CREDIT_CARD VALUES (5105772657512502, '0.00', 10000,1,2020,'123',17);
INSERT INTO CREDIT_CARD VALUES (5105331262147822, '0.00', 10000,1,2020,'123',18);
INSERT INTO CREDIT_CARD VALUES (5105742756040523, '0.00', 10000,1,2020,'123',19);
INSERT INTO CREDIT_CARD VALUES (5105803152085205, '0.00', 10000,1,2020,'123',20);
INSERT INTO CREDIT_CARD VALUES (5105000000000193, '0.00', 10000,1,2020,'123',21);
INSERT INTO CREDIT_CARD VALUES (5105001711061987, '0.00', 10000,3,2021,'940',22);
INSERT INTO CREDIT_CARD VALUES (5105387989338680, '0.00', 10000,3,2021,'644',22);


-- INSERTION CREDIT CARD TRANSACTION
INSERT INTO CREDIT_CARD_TRANSACTION VALUES (1, '14.96', 'Achat COCO LOCO Griffintown', CURRENT_TIMESTAMP(), 5105139374862083, false, 22244444);
INSERT INTO CREDIT_CARD_TRANSACTION VALUES (2, '20.00', 'Achat ETSMTL', CURRENT_TIMESTAMP(), 5105139374862083, false, 22244444);
INSERT INTO CREDIT_CARD_TRANSACTION VALUES (3, '30.00', 'Achat Boite à Pain', CURRENT_TIMESTAMP(), 5105139374862083, false, 22244444);
INSERT INTO CREDIT_CARD_TRANSACTION VALUES (4, '30.00', 'Achat Hello Inc', CURRENT_TIMESTAMP(), 5105139374862083, false, 22244444);
INSERT INTO CREDIT_CARD_TRANSACTION VALUES (5, '40.00', 'Achat Pomme Inc', CURRENT_TIMESTAMP(), 5105139374862083, false, 22244444);
INSERT INTO CREDIT_CARD_TRANSACTION VALUES (6, '50.00', 'Achat Raisin Inc', CURRENT_TIMESTAMP(), 5105139374862083, false, 22244444);
INSERT INTO CREDIT_CARD_TRANSACTION VALUES (7, '60.00', 'Achat Banane Inc', CURRENT_TIMESTAMP(), 5105749559146043, false, 22244444);
INSERT INTO CREDIT_CARD_TRANSACTION VALUES (8, '70.00', 'Achat Canac', CURRENT_TIMESTAMP(), 5105749559146043, false, 22244444);
INSERT INTO CREDIT_CARD_TRANSACTION VALUES (9, '60.00', 'Achat Metro', CURRENT_TIMESTAMP(), 5105749559146043, false, 22244444);
INSERT INTO CREDIT_CARD_TRANSACTION VALUES (10, '80.00', 'Achat Starbucks', CURRENT_TIMESTAMP(), 5105749559146043, false, 22244444);
INSERT INTO CREDIT_CARD_TRANSACTION VALUES (11, '33.33', 'Achat Apple', CURRENT_TIMESTAMP(), 5105749559146043, false, 22244444);
INSERT INTO CREDIT_CARD_TRANSACTION VALUES (12, '3.99', 'Achat Best Buy', CURRENT_TIMESTAMP(), 5105749559146043, false, 22244444);
INSERT INTO CREDIT_CARD_TRANSACTION VALUES (13, '30.01', 'Achat Tim Hortons', CURRENT_TIMESTAMP(), 5105823505096154, false, 22244444);
INSERT INTO CREDIT_CARD_TRANSACTION VALUES (14, '30.02', 'Achat Coco Loco', CURRENT_TIMESTAMP(), 5105823505096154, false, 22244444);
INSERT INTO CREDIT_CARD_TRANSACTION VALUES (15, '30.03', 'Achat Cora Dejeuner', CURRENT_TIMESTAMP(), 5105823505096154, false, 22244444);
INSERT INTO CREDIT_CARD_TRANSACTION VALUES (16, '30.04', 'Achat Allo Mon coco', CURRENT_TIMESTAMP(), 5105823505096154, false, 22244444);
INSERT INTO CREDIT_CARD_TRANSACTION VALUES (17, '30.05', 'Achat Normandin', CURRENT_TIMESTAMP(), 5105823505096154, false, 22244444);
INSERT INTO CREDIT_CARD_TRANSACTION VALUES (18, '30.06', 'Achat Reno depot', CURRENT_TIMESTAMP(), 5105823505096154, false, 22244444);


-- INSERTION DEBIT CARD
INSERT INTO DEBIT_CARD VALUES (22211111, 100200, 2);
INSERT INTO DEBIT_CARD VALUES (22233333, 100200, 3);
INSERT INTO DEBIT_CARD VALUES (22244444, 100200, 4);

INSERT INTO DEBIT_CARD VALUES (22255555, 100000, 5);
INSERT INTO DEBIT_CARD VALUES (22266666, 100000, 6);
INSERT INTO DEBIT_CARD VALUES (22277777, 100000, 7);
INSERT INTO DEBIT_CARD VALUES (22288888, 100000, 8);
INSERT INTO DEBIT_CARD VALUES (22299999, 100000, 9);
INSERT INTO DEBIT_CARD VALUES (22210100, 100000, 10);
INSERT INTO DEBIT_CARD VALUES (22211110, 100000, 11);
INSERT INTO DEBIT_CARD VALUES (22212120, 100000, 12);
INSERT INTO DEBIT_CARD VALUES (22213130, 100000, 13);
INSERT INTO DEBIT_CARD VALUES (22214140, 100000, 14);
INSERT INTO DEBIT_CARD VALUES (22215150, 100000, 15);
INSERT INTO DEBIT_CARD VALUES (22216160, 100000, 16);
INSERT INTO DEBIT_CARD VALUES (22217170, 100000, 17);
INSERT INTO DEBIT_CARD VALUES (22218180, 100000, 18);
INSERT INTO DEBIT_CARD VALUES (22219190, 100000, 19);
INSERT INTO DEBIT_CARD VALUES (22220200, 100000, 20);
INSERT INTO DEBIT_CARD VALUES (22251450, 100000, 21);
INSERT INTO DEBIT_CARD VALUES (22270525, 100000, 22);
INSERT INTO DEBIT_CARD VALUES (22221790, 100000, 23);

-- INSERTION DEBIT CARD TRANSACTION
INSERT INTO DEBIT_CARD_TRANSACTION VALUES(1, 100000, 'Virement reçu - Prime de bienvenue', CURRENT_TIMESTAMP(), 22211111);
INSERT INTO DEBIT_CARD_TRANSACTION VALUES(2, 20, 'Dépôt caisse', CURRENT_TIMESTAMP(), 22211111);
INSERT INTO DEBIT_CARD_TRANSACTION VALUES(3, 30, 'Dépôt caisse', CURRENT_TIMESTAMP(), 22211111);
INSERT INTO DEBIT_CARD_TRANSACTION VALUES(4, 40, 'Dépôt caisse', CURRENT_TIMESTAMP(), 22211111);
INSERT INTO DEBIT_CARD_TRANSACTION VALUES(5, 50, 'Dépôt caisse', CURRENT_TIMESTAMP(), 22211111);
INSERT INTO DEBIT_CARD_TRANSACTION VALUES(6, 60, 'Dépôt caisse', CURRENT_TIMESTAMP(), 22211111);
INSERT INTO DEBIT_CARD_TRANSACTION VALUES(7, 100000, 'Virement reçu - Prime de bienvenue', CURRENT_TIMESTAMP(), 22233333);
INSERT INTO DEBIT_CARD_TRANSACTION VALUES(8, 20, 'Dépôt caisse', CURRENT_TIMESTAMP(), 22233333);
INSERT INTO DEBIT_CARD_TRANSACTION VALUES(9, 30, 'Dépôt caisse', CURRENT_TIMESTAMP(), 22233333);
INSERT INTO DEBIT_CARD_TRANSACTION VALUES(10, 40, 'Dépôt caisse', CURRENT_TIMESTAMP(), 22233333);
INSERT INTO DEBIT_CARD_TRANSACTION VALUES(11, 50, 'Dépôt caisse', CURRENT_TIMESTAMP(), 22233333);
INSERT INTO DEBIT_CARD_TRANSACTION VALUES(12, 60, 'Dépôt caisse', CURRENT_TIMESTAMP(), 22233333);
INSERT INTO DEBIT_CARD_TRANSACTION VALUES(13, 100000, 'Virement reçu - Prime de bienvenue', CURRENT_TIMESTAMP(), 22244444);
INSERT INTO DEBIT_CARD_TRANSACTION VALUES(14, 20, 'Dépôt caisse', CURRENT_TIMESTAMP(), 22244444);
INSERT INTO DEBIT_CARD_TRANSACTION VALUES(15, 30, 'Dépôt caisse', CURRENT_TIMESTAMP(), 22244444);
INSERT INTO DEBIT_CARD_TRANSACTION VALUES(16, 40, 'Dépôt caisse', CURRENT_TIMESTAMP(), 22244444);
INSERT INTO DEBIT_CARD_TRANSACTION VALUES(17, 50, 'Dépôt caisse', CURRENT_TIMESTAMP(), 22244444);
INSERT INTO DEBIT_CARD_TRANSACTION VALUES(18, 60, 'Dépôt caisse', CURRENT_TIMESTAMP(), 22244444);
INSERT INTO DEBIT_CARD_TRANSACTION VALUES(19, 100000, 'Virement reçu - Prime de bienvenue', CURRENT_TIMESTAMP(), 22255555);
INSERT INTO DEBIT_CARD_TRANSACTION VALUES(20, 100000, 'Virement reçu - Prime de bienvenue', CURRENT_TIMESTAMP(), 22266666);
INSERT INTO DEBIT_CARD_TRANSACTION VALUES(21, 100000, 'Virement reçu - Prime de bienvenue', CURRENT_TIMESTAMP(), 22277777);
INSERT INTO DEBIT_CARD_TRANSACTION VALUES(22, 100000, 'Virement reçu - Prime de bienvenue', CURRENT_TIMESTAMP(), 22288888);
INSERT INTO DEBIT_CARD_TRANSACTION VALUES(23, 100000, 'Virement reçu - Prime de bienvenue', CURRENT_TIMESTAMP(), 22299999);
INSERT INTO DEBIT_CARD_TRANSACTION VALUES(24, 100000, 'Virement reçu - Prime de bienvenue', CURRENT_TIMESTAMP(), 22210100);
INSERT INTO DEBIT_CARD_TRANSACTION VALUES(25, 100000, 'Virement reçu - Prime de bienvenue', CURRENT_TIMESTAMP(), 22211110);
INSERT INTO DEBIT_CARD_TRANSACTION VALUES(26, 100000, 'Virement reçu - Prime de bienvenue', CURRENT_TIMESTAMP(), 22212120);
INSERT INTO DEBIT_CARD_TRANSACTION VALUES(27, 100000, 'Virement reçu - Prime de bienvenue', CURRENT_TIMESTAMP(), 22213130);
INSERT INTO DEBIT_CARD_TRANSACTION VALUES(28, 100000, 'Virement reçu - Prime de bienvenue', CURRENT_TIMESTAMP(), 22214140);
INSERT INTO DEBIT_CARD_TRANSACTION VALUES(29, 100000, 'Virement reçu - Prime de bienvenue', CURRENT_TIMESTAMP(), 22215150);
INSERT INTO DEBIT_CARD_TRANSACTION VALUES(30, 100000, 'Virement reçu - Prime de bienvenue', CURRENT_TIMESTAMP(), 22216160);
INSERT INTO DEBIT_CARD_TRANSACTION VALUES(31, 100000, 'Virement reçu - Prime de bienvenue', CURRENT_TIMESTAMP(), 22217170);
INSERT INTO DEBIT_CARD_TRANSACTION VALUES(32, 100000, 'Virement reçu - Prime de bienvenue', CURRENT_TIMESTAMP(), 22218180);
INSERT INTO DEBIT_CARD_TRANSACTION VALUES(33, 100000, 'Virement reçu - Prime de bienvenue', CURRENT_TIMESTAMP(), 22219190);
INSERT INTO DEBIT_CARD_TRANSACTION VALUES(34, 100000, 'Virement reçu - Prime de bienvenue', CURRENT_TIMESTAMP(), 22220200);
INSERT INTO DEBIT_CARD_TRANSACTION VALUES(34, 100000, 'Virement reçu - Prime de bienvenue', CURRENT_TIMESTAMP(), 22251450);
INSERT INTO DEBIT_CARD_TRANSACTION VALUES(34, 100000, 'Virement reçu - Prime de bienvenue', CURRENT_TIMESTAMP(), 22270525);
INSERT INTO DEBIT_CARD_TRANSACTION VALUES(34, 100000, 'Virement reçu - Prime de bienvenue', CURRENT_TIMESTAMP(), 22221790);




COMMIT;